job_title,company,location,salary,experience,skills
Python Developer,Google,Mumbai,2981950,0-2 Years,"JavaScript, Tableau, SQL, Scikit-learn, REST API"
Python Developer,Deloitte,Noida,2587433,Fresher,"C++, Node.js, HTML, PyTorch"
Software Engineer,Tech Mahindra,Pune,2825049,6+ Years,"HTML, GCP, Deep Learning, CSS, Linux, Python, React"
Data Analyst,TCS,Mumbai,3228208,0-2 Years,"Excel, Docker, SQL, C++, AWS"
Backend Developer,Infosys,Ahmedabad,705657,2-4 Years,"Tableau, GCP, Machine Learning, SQL"
Python Developer,Tech Mahindra,Mumbai,1887688,6+ Years,"Deep Learning, Node.js, Power BI, C++, Java, Scikit-learn"
Cyber Security Analyst,Intel,Hyderabad,1255874,0-2 Years,"AWS, CSS, GCP, NumPy"
Java Developer,Infosys,Delhi,1830217,0-2 Years,"Power BI, Scikit-learn, NumPy, C++, Pandas, PostgreSQL"
Machine Learning Engineer,Oracle,Chennai,1017807,4-6 Years,"CSS, NumPy, Power BI, Machine Learning, HTML, Scikit-learn, Docker"
Full Stack Developer,Microsoft,Delhi,534620,4-6 Years,"C++, Node.js, Deep Learning, Power BI, Docker, REST API"
Data Scientist,Wipro,Gurugram,3049109,0-2 Years,"JavaScript, HTML, Tableau, Machine Learning, MongoDB, CSS"
AI Engineer,Accenture,Ahmedabad,3433203,4-6 Years,"HTML, JavaScript, PyTorch, TensorFlow, C++, Excel"
Business Analyst,Apple,Chennai,497620,0-2 Years,"Pandas, C++, AWS, PostgreSQL, FastAPI, GCP, PyTorch"
Machine Learning Engineer,Google,Hyderabad,1354507,6+ Years,"Excel, NumPy, Docker, SQL, Git, Azure"
Data Scientist,Google,Mumbai,963361,6+ Years,"PyTorch, FastAPI, SQL, PostgreSQL, NumPy"
Business Analyst,HCLTech,Ahmedabad,1551768,0-2 Years,"Kubernetes, Excel, React, Machine Learning, FastAPI"
QA Engineer,Google,Ahmedabad,2524464,2-4 Years,"Python, SQL, Kubernetes, MongoDB, Linux, Git, HTML"
Full Stack Developer,Deloitte,Hyderabad,542955,Fresher,"MongoDB, C++, Excel, Machine Learning, PostgreSQL, JavaScript, Linux"
Data Scientist,Tech Mahindra,Chennai,3067195,2-4 Years,"PostgreSQL, Pandas, Azure, Node.js, Machine Learning, Excel, Tableau, Power BI"
DevOps Engineer,Intel,Noida,1143688,2-4 Years,"REST API, PyTorch, GCP, SQL, HTML, Linux, C++"
Software Engineer,Deloitte,Kolkata,1718033,0-2 Years,"HTML, Python, C++, Power BI, NumPy, Java, FastAPI, PostgreSQL"
Business Analyst,TCS,Hyderabad,431755,6+ Years,"CSS, Scikit-learn, TensorFlow, Node.js, Machine Learning"
DevOps Engineer,Deloitte,Ahmedabad,854956,4-6 Years,"Linux, TensorFlow, Azure, Node.js, SQL"
Cloud Engineer,Accenture,Delhi,706557,4-6 Years,"GCP, PostgreSQL, Tableau, Java, Scikit-learn, NumPy, Excel"
Software Engineer,Wipro,Delhi,712794,Fresher,"Node.js, Machine Learning, GCP, JavaScript, Azure"
Frontend Developer,Capgemini,Pune,1069604,Fresher,"Linux, PostgreSQL, REST API, Machine Learning, SQL, Java, NumPy"
Business Analyst,Google,Hyderabad,2567390,0-2 Years,"Azure, TensorFlow, Node.js, PostgreSQL, AWS"
Java Developer,Wipro,Bengaluru,545934,4-6 Years,"FastAPI, Linux, REST API, GCP, Git, Azure"
DevOps Engineer,Tech Mahindra,Gurugram,3221716,0-2 Years,"Git, Node.js, Java, Deep Learning, Tableau"
Software Engineer,TCS,Bengaluru,2574131,Fresher,"TensorFlow, PyTorch, PostgreSQL, REST API, React, Java, MongoDB, C++"
Python Developer,EY,Hyderabad,1079406,0-2 Years,"SQL, REST API, Deep Learning, HTML, PostgreSQL, Pandas, Java"
Python Developer,Accenture,Ahmedabad,2897874,6+ Years,"Docker, CSS, Node.js, Scikit-learn, Power BI, FastAPI, HTML, REST API"
Java Developer,Intel,Gurugram,1960046,2-4 Years,"Python, GCP, Pandas, Deep Learning"
Python Developer,Tech Mahindra,Pune,719351,6+ Years,"JavaScript, Kubernetes, C++, HTML, REST API, Git"
Data Scientist,Tech Mahindra,Mumbai,961638,6+ Years,"Python, Scikit-learn, MongoDB, Machine Learning, Git, REST API, SQL, JavaScript"
Python Developer,Apple,Kolkata,1409250,0-2 Years,"Git, Pandas, Node.js, Power BI, Docker, PostgreSQL"
Cloud Engineer,IBM,Kolkata,3183571,4-6 Years,"REST API, PostgreSQL, Java, C++, NumPy, Azure"
Software Engineer,Google,Delhi,1460480,0-2 Years,"React, Tableau, GCP, Machine Learning, Power BI, Azure"
Software Engineer,Apple,Hyderabad,2652613,0-2 Years,"Java, MongoDB, Kubernetes, Deep Learning, Machine Learning, JavaScript, Azure, Excel"
Frontend Developer,Infosys,Bengaluru,475442,2-4 Years,"Scikit-learn, HTML, SQL, Kubernetes, Excel"
QA Engineer,Accenture,Ahmedabad,2648321,0-2 Years,"PostgreSQL, React, Linux, REST API, Azure"
Java Developer,TCS,Noida,403961,0-2 Years,"React, Linux, Power BI, SQL, AWS, Java"
Full Stack Developer,Adobe,Gurugram,2274217,2-4 Years,"MongoDB, Linux, PostgreSQL, HTML, FastAPI, Python"
Full Stack Developer,Wipro,Delhi,3068379,2-4 Years,"Excel, CSS, Kubernetes, NumPy"
Data Analyst,Tech Mahindra,Delhi,2436602,Fresher,"REST API, CSS, React, Deep Learning"
Software Engineer,Apple,Ahmedabad,1413446,4-6 Years,"Tableau, Linux, Docker, Azure, Pandas, PyTorch"
Data Analyst,Deloitte,Pune,785053,2-4 Years,"Power BI, Azure, Python, PyTorch"
Cloud Engineer,Adobe,Delhi,2558431,4-6 Years,"Scikit-learn, FastAPI, Docker, Pandas"
Cloud Engineer,Apple,Mumbai,1616657,6+ Years,"Scikit-learn, Azure, Docker, AWS, Power BI, Git"
Java Developer,Adobe,Noida,2625374,4-6 Years,"Pandas, Deep Learning, Git, AWS, Machine Learning"
Frontend Developer,Intel,Pune,301702,4-6 Years,"Pandas, NumPy, Docker, GCP, MongoDB, Linux, Scikit-learn, Node.js"
Data Scientist,Netflix,Hyderabad,2444019,2-4 Years,"Scikit-learn, NumPy, Pandas, Docker, C++, Excel, HTML, FastAPI"
Full Stack Developer,Adobe,Chennai,1601993,Fresher,"HTML, TensorFlow, Pandas, PostgreSQL"
Data Scientist,Accenture,Ahmedabad,605463,0-2 Years,"TensorFlow, AWS, HTML, JavaScript, NumPy, Power BI, Python"
Business Analyst,Apple,Noida,3449773,0-2 Years,"Linux, Power BI, PyTorch, GCP, Java"
Full Stack Developer,Apple,Gurugram,2637929,0-2 Years,"Scikit-learn, PyTorch, Machine Learning, Pandas, Docker, Excel, GCP"
Business Analyst,HCLTech,Noida,2869650,6+ Years,"REST API, React, Tableau, TensorFlow, GCP, CSS, HTML"
Frontend Developer,HCLTech,Gurugram,2974545,0-2 Years,"GCP, C++, Power BI, Git, HTML, CSS"
Backend Developer,Tech Mahindra,Hyderabad,1708646,0-2 Years,"HTML, AWS, Power BI, JavaScript, Node.js"
Data Analyst,Accenture,Delhi,569395,6+ Years,"Azure, Java, Node.js, MongoDB, FastAPI, AWS, Deep Learning"
Software Engineer,Deloitte,Noida,3217234,4-6 Years,"Kubernetes, Git, Excel, AWS"
Machine Learning Engineer,Tech Mahindra,Ahmedabad,2057502,0-2 Years,"HTML, CSS, Azure, TensorFlow, Python, AWS, Docker"
Cloud Engineer,Wipro,Chennai,3105459,4-6 Years,"Pandas, Machine Learning, Python, FastAPI, AWS"
AI Engineer,Google,Hyderabad,2782578,4-6 Years,"PostgreSQL, GCP, React, Java, CSS"
Backend Developer,Adobe,Gurugram,1890076,2-4 Years,"Excel, REST API, AWS, CSS, FastAPI, Azure"
Business Analyst,Amazon,Gurugram,1358103,Fresher,"Java, Kubernetes, HTML, NumPy, C++, Excel, MongoDB, FastAPI"
Software Engineer,Oracle,Pune,3463483,Fresher,"JavaScript, HTML, FastAPI, TensorFlow, Scikit-learn, SQL, Deep Learning, Node.js"
DevOps Engineer,IBM,Delhi,2250493,0-2 Years,"Pandas, Tableau, Power BI, SQL, Excel, React, Git, MongoDB"
Software Engineer,Intel,Ahmedabad,2727179,4-6 Years,"Power BI, Node.js, C++, Deep Learning, FastAPI, NumPy, HTML"
DevOps Engineer,Intel,Ahmedabad,727405,Fresher,"Linux, Java, Kubernetes, Machine Learning, Azure, Scikit-learn, PostgreSQL, C++"
Cloud Engineer,TCS,Bengaluru,2422153,4-6 Years,"SQL, Azure, Kubernetes, NumPy, GCP, Power BI, JavaScript"
Java Developer,HCLTech,Mumbai,2126565,6+ Years,"Excel, TensorFlow, GCP, Azure, Tableau, Deep Learning, CSS, Docker"
Business Analyst,Amazon,Mumbai,1329681,4-6 Years,"Excel, GCP, Deep Learning, Pandas, Scikit-learn"
Backend Developer,Google,Gurugram,1889596,2-4 Years,"TensorFlow, Node.js, Kubernetes, Linux, CSS"
Frontend Developer,EY,Mumbai,1727484,6+ Years,"PyTorch, Node.js, C++, HTML"
Data Analyst,Cognizant,Kolkata,3320212,0-2 Years,"NumPy, Power BI, TensorFlow, GCP, Linux, Python, C++"
Full Stack Developer,Wipro,Pune,1534113,2-4 Years,"Kubernetes, TensorFlow, Machine Learning, PyTorch, FastAPI, Azure, Tableau, PostgreSQL"
Backend Developer,Capgemini,Mumbai,1687439,2-4 Years,"HTML, SQL, Tableau, Node.js, Docker, REST API"
Machine Learning Engineer,Netflix,Pune,3415869,0-2 Years,"CSS, Tableau, Deep Learning, Excel, PyTorch, Pandas, Git"
Business Analyst,Adobe,Mumbai,721637,0-2 Years,"React, Git, Python, Power BI, Machine Learning, JavaScript"
Software Engineer,Microsoft,Kolkata,1450545,2-4 Years,"NumPy, PostgreSQL, Excel, TensorFlow, SQL"
AI Engineer,Intel,Gurugram,351444,4-6 Years,"Docker, React, Java, CSS, TensorFlow, SQL, C++"
Data Scientist,Amazon,Ahmedabad,1980688,Fresher,"JavaScript, Linux, Deep Learning, Git, C++"
Python Developer,Tech Mahindra,Noida,1340988,6+ Years,"Linux, Pandas, HTML, Excel, PyTorch, AWS, GCP, Tableau"
Business Analyst,Deloitte,Noida,1547189,2-4 Years,"Pandas, Java, FastAPI, Tableau, SQL, Excel, Node.js, NumPy"
Frontend Developer,Amazon,Chennai,1185103,0-2 Years,"Machine Learning, C++, React, Python, Azure"
DevOps Engineer,EY,Gurugram,2189549,2-4 Years,"HTML, Git, Power BI, PostgreSQL"
Python Developer,Oracle,Mumbai,2204345,6+ Years,"Azure, SQL, Machine Learning, HTML, NumPy"
QA Engineer,IBM,Chennai,924906,Fresher,"React, Linux, Git, Pandas"
Business Analyst,Deloitte,Mumbai,3441356,4-6 Years,"GCP, Power BI, Git, AWS"
Machine Learning Engineer,Tech Mahindra,Gurugram,1441883,4-6 Years,"Pandas, Java, REST API, Azure"
Backend Developer,EY,Mumbai,3380858,Fresher,"HTML, Scikit-learn, MongoDB, PostgreSQL"
AI Engineer,Google,Mumbai,2712559,6+ Years,"Excel, React, TensorFlow, PyTorch"
Data Scientist,IBM,Chennai,3032628,6+ Years,"NumPy, MongoDB, TensorFlow, C++, PostgreSQL, Kubernetes, Azure"
Backend Developer,Apple,Chennai,1697996,2-4 Years,"Power BI, TensorFlow, Git, Scikit-learn, AWS, Excel, Machine Learning"
Data Scientist,Amazon,Delhi,453918,2-4 Years,"SQL, Excel, AWS, PyTorch, Python, Scikit-learn"
Data Scientist,Accenture,Bengaluru,2575802,0-2 Years,"Kubernetes, Pandas, Excel, TensorFlow, NumPy, GCP, Java, Node.js"
Machine Learning Engineer,Meta,Mumbai,1420115,4-6 Years,"SQL, Python, NumPy, Pandas, Linux, HTML, Power BI"
Frontend Developer,Tech Mahindra,Bengaluru,964286,6+ Years,"C++, HTML, MongoDB, SQL, GCP, PostgreSQL, NumPy"
Data Scientist,Intel,Kolkata,945801,2-4 Years,"MongoDB, TensorFlow, REST API, HTML, GCP, Machine Learning, JavaScript"
Full Stack Developer,EY,Kolkata,1908876,0-2 Years,"CSS, Excel, Linux, PostgreSQL"
Backend Developer,HCLTech,Mumbai,2040394,Fresher,"Tableau, Git, MongoDB, Deep Learning, PostgreSQL, Scikit-learn"
Business Analyst,Meta,Gurugram,2353700,6+ Years,"Kubernetes, Docker, Machine Learning, Excel, PostgreSQL, AWS, GCP"
Business Analyst,Adobe,Pune,1649632,6+ Years,"HTML, PostgreSQL, Excel, Azure, Java, Docker, Tableau"
DevOps Engineer,Wipro,Noida,2283806,0-2 Years,"Java, JavaScript, PyTorch, Deep Learning, Docker, SQL, GCP"
Machine Learning Engineer,Capgemini,Bengaluru,718221,0-2 Years,"PostgreSQL, NumPy, JavaScript, C++, TensorFlow, CSS, Docker"
DevOps Engineer,Wipro,Hyderabad,2914139,2-4 Years,"AWS, Docker, NumPy, Power BI, Excel, TensorFlow, Machine Learning, Java"
Python Developer,Oracle,Mumbai,2889812,0-2 Years,"Azure, SQL, Excel, NumPy"
Business Analyst,Apple,Gurugram,3252332,0-2 Years,"REST API, Python, Java, Docker, Linux, PostgreSQL"
Backend Developer,Infosys,Noida,1530473,0-2 Years,"PyTorch, Azure, Deep Learning, Scikit-learn, Linux"
Java Developer,Netflix,Hyderabad,1055213,6+ Years,"Pandas, Scikit-learn, HTML, TensorFlow, Deep Learning, JavaScript, PostgreSQL"
Cloud Engineer,IBM,Gurugram,2234202,2-4 Years,"REST API, Linux, GCP, Git"
Machine Learning Engineer,Netflix,Hyderabad,3142106,4-6 Years,"Deep Learning, Git, NumPy, Azure, Power BI, CSS"
Business Analyst,Intel,Pune,2216108,4-6 Years,"SQL, HTML, AWS, Deep Learning, Kubernetes, MongoDB, Git"
Frontend Developer,Google,Noida,3232989,2-4 Years,"Deep Learning, PostgreSQL, Scikit-learn, Excel"
Software Engineer,EY,Gurugram,3423367,2-4 Years,"Pandas, Linux, Kubernetes, HTML, NumPy"
AI Engineer,IBM,Chennai,1097471,Fresher,"Git, Linux, GCP, Java"
Backend Developer,Meta,Hyderabad,2730908,2-4 Years,"Tableau, Azure, React, Node.js, JavaScript, Machine Learning"
Machine Learning Engineer,HCLTech,Mumbai,1834517,0-2 Years,"FastAPI, MongoDB, TensorFlow, Linux, Git, Tableau"
Cyber Security Analyst,Apple,Gurugram,1720674,Fresher,"Excel, HTML, PostgreSQL, Scikit-learn, Tableau"
Data Analyst,Tech Mahindra,Delhi,3128664,Fresher,"Python, CSS, Machine Learning, SQL, GCP, Kubernetes, Scikit-learn"
Cloud Engineer,IBM,Ahmedabad,3441582,4-6 Years,"SQL, Scikit-learn, HTML, TensorFlow, Python, Pandas"
Backend Developer,EY,Pune,2654713,Fresher,"FastAPI, Power BI, Git, NumPy, Azure, SQL, JavaScript"
Software Engineer,Intel,Gurugram,490198,Fresher,"HTML, REST API, Machine Learning, JavaScript"
Data Scientist,Infosys,Kolkata,1930098,4-6 Years,"Tableau, FastAPI, JavaScript, Azure, NumPy, SQL, TensorFlow, Pandas"
Frontend Developer,Microsoft,Delhi,2011762,0-2 Years,"GCP, HTML, PostgreSQL, Kubernetes, SQL, Scikit-learn, MongoDB"
QA Engineer,Infosys,Bengaluru,2583655,4-6 Years,"Node.js, SQL, PostgreSQL, MongoDB, GCP, C++"
Full Stack Developer,EY,Bengaluru,3079853,Fresher,"HTML, JavaScript, Linux, Deep Learning, Node.js, C++"
Full Stack Developer,Deloitte,Pune,2624515,0-2 Years,"Excel, JavaScript, Linux, Pandas, Python, CSS"
Java Developer,Tech Mahindra,Mumbai,906865,0-2 Years,"Scikit-learn, PostgreSQL, Python, JavaScript"
Backend Developer,Oracle,Ahmedabad,362328,2-4 Years,"React, CSS, Java, JavaScript"
Data Analyst,HCLTech,Hyderabad,3410991,Fresher,"GCP, Excel, Kubernetes, PyTorch, Deep Learning, SQL, FastAPI"
Full Stack Developer,EY,Bengaluru,2413252,6+ Years,"GCP, NumPy, Python, Java, TensorFlow, AWS"
Cloud Engineer,Apple,Gurugram,2087921,4-6 Years,"REST API, C++, Docker, Pandas"
Python Developer,Meta,Mumbai,922157,6+ Years,"Machine Learning, Power BI, Docker, AWS, Pandas, PyTorch, Git, GCP"
AI Engineer,Accenture,Hyderabad,2420434,Fresher,"Tableau, PostgreSQL, Node.js, Azure, GCP, HTML, MongoDB, Docker"
Data Analyst,Accenture,Hyderabad,2202112,2-4 Years,"Docker, Scikit-learn, CSS, Kubernetes, JavaScript, REST API, TensorFlow"
Python Developer,Amazon,Hyderabad,581577,4-6 Years,"Tableau, Kubernetes, Linux, JavaScript"
Software Engineer,Deloitte,Kolkata,2633588,6+ Years,"Scikit-learn, SQL, Azure, Kubernetes, FastAPI, Excel"
Business Analyst,Microsoft,Mumbai,2073925,6+ Years,"Kubernetes, SQL, Deep Learning, PyTorch, Node.js, JavaScript"
Data Scientist,Oracle,Hyderabad,3054551,2-4 Years,"Kubernetes, SQL, Excel, CSS, Deep Learning, HTML, Azure, Machine Learning"
AI Engineer,Tech Mahindra,Bengaluru,2907698,6+ Years,"Python, React, CSS, Power BI, Excel, Git"
Backend Developer,Google,Chennai,1725327,0-2 Years,"Scikit-learn, AWS, C++, JavaScript, Tableau, NumPy, Python, PostgreSQL"
Machine Learning Engineer,Adobe,Noida,3429419,4-6 Years,"Docker, React, Kubernetes, Git, Tableau, FastAPI, Deep Learning"
Python Developer,Microsoft,Chennai,2800743,0-2 Years,"Java, Scikit-learn, C++, CSS, GCP, REST API, Azure, TensorFlow"
Data Scientist,Accenture,Mumbai,2846261,0-2 Years,"SQL, Kubernetes, Azure, FastAPI, Git, Scikit-learn, Excel, Deep Learning"
Machine Learning Engineer,Intel,Bengaluru,2341085,0-2 Years,"Pandas, Java, Python, Node.js, Git, MongoDB, JavaScript"
Frontend Developer,TCS,Hyderabad,1371726,Fresher,"Tableau, Azure, React, JavaScript, AWS, Machine Learning, Power BI"
Machine Learning Engineer,Tech Mahindra,Delhi,1265154,Fresher,"PostgreSQL, Tableau, Java, Azure, Python, GCP, C++"
AI Engineer,Accenture,Ahmedabad,1613071,4-6 Years,"Git, SQL, AWS, Python, Docker, React, Pandas"
Business Analyst,Infosys,Hyderabad,2229786,4-6 Years,"HTML, Azure, Deep Learning, AWS"
Python Developer,Wipro,Mumbai,2497658,2-4 Years,"Docker, Excel, React, C++, PyTorch"
Python Developer,HCLTech,Kolkata,2955936,0-2 Years,"Kubernetes, Tableau, MongoDB, NumPy, JavaScript, HTML"
Java Developer,IBM,Pune,731193,0-2 Years,"JavaScript, Excel, REST API, NumPy, C++, React, MongoDB, TensorFlow"
Cyber Security Analyst,Deloitte,Ahmedabad,2245960,4-6 Years,"NumPy, FastAPI, Pandas, Docker, REST API, MongoDB, JavaScript, GCP"
Data Scientist,Capgemini,Mumbai,586413,2-4 Years,"Java, Kubernetes, PyTorch, C++, Git, GCP, Excel, FastAPI"
Backend Developer,Intel,Hyderabad,538614,Fresher,"Pandas, PyTorch, AWS, GCP, Deep Learning, Machine Learning, Tableau, Java"
QA Engineer,Deloitte,Pune,2186319,2-4 Years,"TensorFlow, PyTorch, JavaScript, Java, GCP, SQL, Docker, Power BI"
Machine Learning Engineer,Netflix,Bengaluru,653702,0-2 Years,"GCP, PyTorch, REST API, Pandas, React, Kubernetes, Excel"
Data Analyst,Accenture,Delhi,1486541,6+ Years,"Linux, NumPy, Docker, C++"
Python Developer,Tech Mahindra,Noida,1682823,2-4 Years,"Tableau, PostgreSQL, Scikit-learn, Pandas, JavaScript, Docker"
AI Engineer,Meta,Delhi,641844,2-4 Years,"JavaScript, Pandas, Power BI, C++, Git, Machine Learning, AWS"
Cyber Security Analyst,TCS,Chennai,2999006,6+ Years,"NumPy, Scikit-learn, Azure, PyTorch"
Software Engineer,Infosys,Mumbai,1817617,0-2 Years,"Docker, Excel, TensorFlow, Node.js, HTML"
Java Developer,Amazon,Mumbai,876990,Fresher,"Excel, Machine Learning, MongoDB, Tableau, PyTorch, Java, Scikit-learn, Docker"
Java Developer,EY,Noida,2892211,0-2 Years,"React, MongoDB, Power BI, Excel, Pandas"
DevOps Engineer,Capgemini,Bengaluru,994321,4-6 Years,"Scikit-learn, Tableau, HTML, GCP, Pandas, Git"
DevOps Engineer,Capgemini,Pune,3455757,6+ Years,"Git, Linux, TensorFlow, REST API, MongoDB"
Backend Developer,Deloitte,Gurugram,1113762,4-6 Years,"Excel, AWS, PyTorch, PostgreSQL, Azure, React"
Cyber Security Analyst,EY,Chennai,1137592,2-4 Years,"NumPy, TensorFlow, PostgreSQL, Kubernetes"
QA Engineer,Apple,Kolkata,2625912,Fresher,"C++, Excel, React, CSS, GCP, PyTorch"
Business Analyst,Accenture,Hyderabad,918025,0-2 Years,"REST API, Kubernetes, Python, Azure, Java, AWS, PyTorch"
Full Stack Developer,Wipro,Hyderabad,1868508,2-4 Years,"Python, Docker, FastAPI, SQL, MongoDB"
Cloud Engineer,TCS,Chennai,3297686,0-2 Years,"Git, FastAPI, MongoDB, TensorFlow"
Business Analyst,Meta,Gurugram,3219537,4-6 Years,"Python, REST API, C++, FastAPI, CSS, Node.js, JavaScript, Machine Learning"
AI Engineer,HCLTech,Noida,3350243,Fresher,"HTML, Git, SQL, Java, FastAPI, Azure"
Cyber Security Analyst,EY,Gurugram,2979957,Fresher,"MongoDB, REST API, TensorFlow, Pandas"
Software Engineer,HCLTech,Ahmedabad,2548372,0-2 Years,"Git, Azure, Python, Pandas, Kubernetes"
AI Engineer,Accenture,Chennai,1308999,Fresher,"Kubernetes, C++, PyTorch, Machine Learning, PostgreSQL, Linux, MongoDB, Python"
Business Analyst,Cognizant,Bengaluru,1937681,4-6 Years,"CSS, Tableau, Python, Kubernetes, Linux, C++"
Full Stack Developer,Apple,Ahmedabad,1746206,2-4 Years,"Java, Kubernetes, Machine Learning, Docker, MongoDB"
Java Developer,Capgemini,Gurugram,2996080,0-2 Years,"C++, Power BI, Excel, GCP, Java"
Full Stack Developer,Microsoft,Pune,1530787,Fresher,"FastAPI, Git, PyTorch, AWS, Machine Learning, TensorFlow"
Software Engineer,Adobe,Mumbai,1362474,2-4 Years,"PostgreSQL, NumPy, Docker, CSS"
Cyber Security Analyst,Infosys,Noida,822086,4-6 Years,"REST API, AWS, Docker, React, TensorFlow, Power BI, Linux"
QA Engineer,HCLTech,Mumbai,1840764,Fresher,"C++, Azure, Pandas, MongoDB, React, Machine Learning, Git"
Python Developer,Amazon,Delhi,1647258,2-4 Years,"GCP, Pandas, Power BI, Azure, React, PostgreSQL"
Backend Developer,Capgemini,Bengaluru,2161886,2-4 Years,"Azure, CSS, NumPy, Linux, Java, C++, Scikit-learn, PostgreSQL"
Backend Developer,HCLTech,Chennai,2003769,Fresher,"PostgreSQL, Pandas, Scikit-learn, Linux, GCP"
Java Developer,Amazon,Pune,445957,2-4 Years,"AWS, Deep Learning, Java, Pandas, JavaScript, Scikit-learn"
Backend Developer,Infosys,Gurugram,2187112,Fresher,"JavaScript, PyTorch, Kubernetes, AWS, Docker, NumPy, CSS, HTML"
Software Engineer,Netflix,Gurugram,775837,6+ Years,"FastAPI, Machine Learning, SQL, CSS, Excel, MongoDB, Power BI"
Full Stack Developer,EY,Mumbai,2171805,4-6 Years,"SQL, JavaScript, PostgreSQL, C++, GCP"
QA Engineer,Capgemini,Hyderabad,1024173,2-4 Years,"Power BI, C++, Machine Learning, PostgreSQL, Git, Linux"
DevOps Engineer,Netflix,Delhi,960624,6+ Years,"SQL, Node.js, Linux, JavaScript, HTML"
Software Engineer,Infosys,Kolkata,2372078,6+ Years,"GCP, Linux, Machine Learning, JavaScript, Pandas, C++"
Frontend Developer,Wipro,Gurugram,575767,6+ Years,"Excel, Azure, MongoDB, Deep Learning, C++, JavaScript, Docker"
Python Developer,Capgemini,Gurugram,2994163,6+ Years,"JavaScript, REST API, MongoDB, Excel, Machine Learning, NumPy"
Java Developer,Meta,Noida,2765353,6+ Years,"MongoDB, SQL, PyTorch, JavaScript"
Java Developer,Netflix,Delhi,1575590,0-2 Years,"PyTorch, REST API, Git, C++, CSS, Node.js"
Machine Learning Engineer,IBM,Chennai,2963622,2-4 Years,"Machine Learning, C++, PyTorch, NumPy, React, Deep Learning, Excel, JavaScript"
Cloud Engineer,EY,Ahmedabad,1018067,2-4 Years,"Java, MongoDB, PostgreSQL, Python, C++, FastAPI, NumPy, Deep Learning"
Cloud Engineer,Adobe,Ahmedabad,1410047,4-6 Years,"NumPy, Python, TensorFlow, FastAPI, Machine Learning, Git, MongoDB, Excel"
Full Stack Developer,Wipro,Mumbai,2325617,4-6 Years,"Power BI, Java, React, GCP"
Data Scientist,Capgemini,Pune,2043243,2-4 Years,"JavaScript, Docker, PostgreSQL, Power BI, REST API, Tableau, Kubernetes, AWS"
Cyber Security Analyst,Infosys,Kolkata,848472,6+ Years,"Docker, HTML, GCP, SQL"
Data Scientist,Oracle,Chennai,1421857,Fresher,"Git, AWS, PostgreSQL, Pandas"
Full Stack Developer,Netflix,Delhi,2053784,6+ Years,"Node.js, Excel, React, TensorFlow, PyTorch, GCP"
QA Engineer,Intel,Gurugram,2391949,Fresher,"AWS, PyTorch, GCP, HTML"
AI Engineer,Infosys,Bengaluru,1202381,Fresher,"TensorFlow, Pandas, MongoDB, NumPy, Scikit-learn, FastAPI"
Machine Learning Engineer,Google,Hyderabad,1498515,4-6 Years,"REST API, CSS, Tableau, Kubernetes, Excel"
Backend Developer,Microsoft,Noida,1991370,Fresher,"Machine Learning, Node.js, Kubernetes, FastAPI, Git, C++, AWS, PyTorch"
Cyber Security Analyst,Tech Mahindra,Mumbai,2188923,6+ Years,"SQL, JavaScript, FastAPI, AWS, Kubernetes, Docker, Machine Learning, Linux"
Java Developer,Adobe,Ahmedabad,3466553,6+ Years,"PyTorch, Java, REST API, PostgreSQL, JavaScript, Power BI, Docker"
Machine Learning Engineer,Capgemini,Chennai,2287026,6+ Years,"JavaScript, Docker, Pandas, REST API, React, AWS, PostgreSQL, Git"
Backend Developer,HCLTech,Kolkata,2790261,6+ Years,"Power BI, Deep Learning, Git, TensorFlow, Python, Kubernetes, Docker"
Python Developer,Accenture,Ahmedabad,3126148,2-4 Years,"Pandas, TensorFlow, CSS, NumPy"
AI Engineer,Oracle,Bengaluru,2726297,6+ Years,"React, PyTorch, NumPy, Tableau, Pandas, Excel, AWS"
Business Analyst,Oracle,Bengaluru,919816,6+ Years,"Node.js, Python, GCP, Docker"
Java Developer,Accenture,Pune,2056491,4-6 Years,"Excel, Pandas, TensorFlow, Tableau, MongoDB, Java, Power BI, JavaScript"
Full Stack Developer,Tech Mahindra,Delhi,2475515,4-6 Years,"AWS, Docker, React, GCP, Machine Learning, REST API, Linux, Kubernetes"
Cyber Security Analyst,IBM,Ahmedabad,3134798,4-6 Years,"HTML, CSS, Machine Learning, Git, Excel"
DevOps Engineer,Adobe,Gurugram,1512171,2-4 Years,"Kubernetes, Machine Learning, Linux, Tableau, CSS, Git, SQL"
Cloud Engineer,Tech Mahindra,Noida,2705336,4-6 Years,"Excel, Linux, JavaScript, Git, Java, MongoDB"
Python Developer,Infosys,Gurugram,3295325,2-4 Years,"Node.js, FastAPI, MongoDB, Machine Learning, CSS, PostgreSQL, Power BI"
Java Developer,Apple,Ahmedabad,1439263,6+ Years,"HTML, Java, Scikit-learn, REST API, PyTorch"
Cloud Engineer,Oracle,Bengaluru,1246535,Fresher,"Docker, Power BI, TensorFlow, SQL, Scikit-learn, Excel, JavaScript"
Machine Learning Engineer,Netflix,Noida,321732,4-6 Years,"NumPy, Node.js, Excel, Git, Docker, MongoDB, FastAPI"
QA Engineer,Amazon,Ahmedabad,548145,0-2 Years,"Tableau, FastAPI, PostgreSQL, Java, React, Azure, Linux, MongoDB"
Cyber Security Analyst,Cognizant,Chennai,1965115,2-4 Years,"Python, Git, Deep Learning, Pandas"
QA Engineer,TCS,Mumbai,750051,4-6 Years,"PyTorch, TensorFlow, JavaScript, FastAPI, GCP, CSS, Node.js, SQL"
Java Developer,Capgemini,Mumbai,1686989,0-2 Years,"Tableau, Docker, Linux, Git"
Cloud Engineer,Adobe,Chennai,2681447,6+ Years,"MongoDB, Azure, PyTorch, Docker, C++, AWS, Scikit-learn"
Java Developer,Meta,Gurugram,700074,2-4 Years,"Python, CSS, AWS, HTML, GCP"
Frontend Developer,TCS,Mumbai,3461484,6+ Years,"Python, CSS, NumPy, Kubernetes, Power BI, HTML, Java, Scikit-learn"
Data Scientist,Intel,Chennai,795870,4-6 Years,"FastAPI, REST API, Power BI, Excel, Git, PostgreSQL, SQL, NumPy"
Backend Developer,EY,Pune,1537477,0-2 Years,"TensorFlow, JavaScript, GCP, Tableau, Pandas"
Data Analyst,Tech Mahindra,Gurugram,1867096,6+ Years,"Excel, HTML, Scikit-learn, Pandas, PostgreSQL"
Machine Learning Engineer,Capgemini,Kolkata,643388,2-4 Years,"FastAPI, Deep Learning, SQL, Java"
QA Engineer,HCLTech,Pune,2597007,6+ Years,"JavaScript, React, Docker, PyTorch, GCP, SQL, Scikit-learn, Node.js"
AI Engineer,Cognizant,Hyderabad,3306971,6+ Years,"Linux, Java, GCP, JavaScript, PyTorch, Azure, PostgreSQL"
Software Engineer,Tech Mahindra,Gurugram,2665214,2-4 Years,"AWS, CSS, MongoDB, Python"
Full Stack Developer,Deloitte,Hyderabad,3428130,Fresher,"Kubernetes, Power BI, C++, Machine Learning, Java, PostgreSQL, TensorFlow"
Frontend Developer,Accenture,Chennai,433105,0-2 Years,"Kubernetes, REST API, AWS, GCP, PostgreSQL, Linux, C++"
Cloud Engineer,Tech Mahindra,Chennai,3163578,2-4 Years,"React, Machine Learning, AWS, PyTorch"
DevOps Engineer,Oracle,Bengaluru,834132,Fresher,"GCP, Scikit-learn, Tableau, Machine Learning, Azure, MongoDB"
Business Analyst,Oracle,Pune,1890800,4-6 Years,"JavaScript, CSS, Node.js, Tableau, Excel, SQL"
Cyber Security Analyst,Accenture,Ahmedabad,435129,Fresher,"Node.js, C++, SQL, Pandas, Java"
AI Engineer,Microsoft,Pune,2172509,Fresher,"GCP, HTML, Machine Learning, Node.js, Excel, Linux, Java"
Machine Learning Engineer,Intel,Pune,887771,6+ Years,"Deep Learning, Pandas, Excel, Scikit-learn, Docker, HTML"
QA Engineer,Meta,Kolkata,1565691,0-2 Years,"Git, CSS, Java, Machine Learning, Deep Learning, Tableau, React"
Cloud Engineer,Accenture,Kolkata,2925605,4-6 Years,"Kubernetes, NumPy, Scikit-learn, AWS"
Backend Developer,Accenture,Noida,2499757,0-2 Years,"AWS, React, Excel, Machine Learning, TensorFlow, HTML"
Frontend Developer,Meta,Gurugram,1245163,Fresher,"Azure, FastAPI, Machine Learning, PyTorch, JavaScript, AWS, HTML, CSS"
Backend Developer,Amazon,Gurugram,1152856,2-4 Years,"Machine Learning, Tableau, MongoDB, Node.js"
Frontend Developer,Wipro,Ahmedabad,516160,6+ Years,"PostgreSQL, C++, Node.js, Linux"
AI Engineer,Tech Mahindra,Pune,3494786,4-6 Years,"PostgreSQL, FastAPI, Docker, Git, Python"
QA Engineer,Adobe,Hyderabad,1188386,4-6 Years,"Power BI, Pandas, Node.js, AWS, FastAPI"
Machine Learning Engineer,TCS,Mumbai,1303826,4-6 Years,"Machine Learning, NumPy, Kubernetes, Git, CSS, PostgreSQL, PyTorch"
Data Scientist,Apple,Gurugram,2385732,2-4 Years,"Kubernetes, Docker, Azure, Java, Deep Learning"
DevOps Engineer,Meta,Bengaluru,1228090,2-4 Years,"FastAPI, Deep Learning, REST API, Tableau, Azure, Git, JavaScript, Node.js"
Full Stack Developer,Wipro,Ahmedabad,1683555,0-2 Years,"Machine Learning, NumPy, Scikit-learn, Docker, CSS, Excel, TensorFlow"
Cloud Engineer,Cognizant,Gurugram,3334821,0-2 Years,"React, JavaScript, Tableau, Machine Learning, TensorFlow, FastAPI"
Cloud Engineer,Microsoft,Kolkata,2573886,Fresher,"MongoDB, Scikit-learn, Java, Excel"
Data Analyst,Meta,Pune,326775,Fresher,"Python, Node.js, PyTorch, GCP, Kubernetes"
AI Engineer,EY,Gurugram,553546,4-6 Years,"Python, Machine Learning, Azure, PyTorch"
Frontend Developer,Tech Mahindra,Mumbai,3329095,Fresher,"MongoDB, Power BI, Scikit-learn, Azure, Linux, React, SQL, Tableau"
Java Developer,Oracle,Pune,2499431,6+ Years,"CSS, MongoDB, Kubernetes, FastAPI, Linux, AWS, C++, PostgreSQL"
Data Scientist,Deloitte,Pune,2003002,0-2 Years,"Scikit-learn, MongoDB, PostgreSQL, C++, NumPy, Linux"
Software Engineer,Amazon,Noida,3485933,4-6 Years,"Machine Learning, TensorFlow, Java, NumPy, Python, Power BI, React"
Data Scientist,Accenture,Delhi,646810,6+ Years,"REST API, PyTorch, FastAPI, Java"
Full Stack Developer,Deloitte,Gurugram,1263710,2-4 Years,"FastAPI, C++, Scikit-learn, CSS"
AI Engineer,Microsoft,Chennai,2577635,2-4 Years,"Node.js, Deep Learning, JavaScript, Excel"
Business Analyst,Wipro,Hyderabad,3289328,2-4 Years,"Deep Learning, HTML, MongoDB, PostgreSQL, AWS"
QA Engineer,Tech Mahindra,Delhi,3139690,4-6 Years,"Linux, Power BI, Tableau, C++, PyTorch"
Backend Developer,Microsoft,Hyderabad,3426671,4-6 Years,"MongoDB, C++, Docker, Pandas, Excel"
AI Engineer,Wipro,Delhi,2874737,Fresher,"Linux, GCP, TensorFlow, HTML, Kubernetes, Machine Learning"
Data Analyst,Netflix,Ahmedabad,1874654,4-6 Years,"Excel, Pandas, Git, Linux"
DevOps Engineer,Amazon,Hyderabad,1333685,2-4 Years,"AWS, Power BI, Linux, NumPy, JavaScript"
Data Analyst,TCS,Delhi,3402339,Fresher,"Python, Git, GCP, Kubernetes"
Frontend Developer,Apple,Chennai,3493318,Fresher,"Azure, GCP, Machine Learning, PyTorch, SQL"
Python Developer,Infosys,Kolkata,410150,Fresher,"Pandas, Linux, Docker, AWS, Python, Git, Azure, MongoDB"
DevOps Engineer,Tech Mahindra,Pune,655255,6+ Years,"React, Scikit-learn, AWS, FastAPI, JavaScript, CSS, Git, Excel"
Java Developer,Amazon,Chennai,2368311,4-6 Years,"Azure, Git, TensorFlow, Linux, C++, Kubernetes"
Full Stack Developer,Cognizant,Ahmedabad,1355705,6+ Years,"GCP, SQL, JavaScript, Git, Python"
Backend Developer,EY,Noida,1959652,2-4 Years,"Docker, Azure, MongoDB, PostgreSQL, NumPy, Pandas, JavaScript"
Backend Developer,EY,Pune,1560116,4-6 Years,"React, AWS, Docker, Git, Tableau, Power BI"
Data Scientist,Deloitte,Pune,2954585,2-4 Years,"CSS, MongoDB, Linux, AWS, Kubernetes, SQL, Deep Learning"
AI Engineer,Tech Mahindra,Chennai,1138022,6+ Years,"Tableau, GCP, Power BI, Node.js"
Cyber Security Analyst,Intel,Hyderabad,2139013,4-6 Years,"JavaScript, NumPy, Git, HTML, CSS, Scikit-learn, FastAPI"
Data Analyst,Wipro,Hyderabad,3299918,4-6 Years,"TensorFlow, Deep Learning, AWS, Machine Learning, PyTorch, Power BI, Azure, MongoDB"
Cyber Security Analyst,Infosys,Kolkata,454204,6+ Years,"SQL, Excel, HTML, Scikit-learn"
Backend Developer,Netflix,Ahmedabad,3087928,Fresher,"NumPy, Scikit-learn, FastAPI, AWS, Excel, Docker, Azure, SQL"
Python Developer,IBM,Pune,344240,6+ Years,"Machine Learning, Deep Learning, Power BI, REST API, HTML, GCP, Kubernetes, AWS"
Cyber Security Analyst,Deloitte,Kolkata,2242227,0-2 Years,"Python, TensorFlow, SQL, Git, Azure, C++"
Business Analyst,Meta,Delhi,786830,2-4 Years,"GCP, Linux, Node.js, PyTorch, TensorFlow, Kubernetes"
Python Developer,Capgemini,Gurugram,2297170,2-4 Years,"Git, Java, Linux, Power BI"
Software Engineer,TCS,Hyderabad,782702,0-2 Years,"PyTorch, React, Machine Learning, Docker, Azure"
Full Stack Developer,Wipro,Chennai,2237995,0-2 Years,"AWS, Python, Tableau, Pandas, Node.js, GCP, Deep Learning"
Data Analyst,Google,Pune,2101675,0-2 Years,"Excel, Power BI, Linux, PostgreSQL, C++, Deep Learning"
Cyber Security Analyst,Tech Mahindra,Chennai,726779,2-4 Years,"Node.js, GCP, SQL, CSS, Scikit-learn, TensorFlow"
Cloud Engineer,TCS,Ahmedabad,2513397,4-6 Years,"AWS, Deep Learning, SQL, Kubernetes, MongoDB, GCP, Pandas, React"
DevOps Engineer,Intel,Ahmedabad,3125236,6+ Years,"Scikit-learn, JavaScript, Docker, SQL"
Frontend Developer,Apple,Chennai,1300646,2-4 Years,"PyTorch, AWS, Azure, Pandas, JavaScript"
Data Analyst,Accenture,Chennai,2710911,4-6 Years,"Power BI, NumPy, React, Machine Learning, PostgreSQL, TensorFlow, Git, JavaScript"
Backend Developer,Capgemini,Ahmedabad,1084748,Fresher,"Python, TensorFlow, JavaScript, Node.js, AWS, Machine Learning"
Cloud Engineer,Cognizant,Noida,2419960,4-6 Years,"Power BI, MongoDB, GCP, TensorFlow, React, C++, Deep Learning"
Cyber Security Analyst,Oracle,Mumbai,429439,Fresher,"HTML, Machine Learning, Git, React, Excel, GCP"
DevOps Engineer,Cognizant,Kolkata,2672509,6+ Years,"Deep Learning, SQL, CSS, Excel"
Business Analyst,Infosys,Kolkata,2577952,Fresher,"Machine Learning, Node.js, Azure, SQL, Tableau, NumPy, HTML"
Business Analyst,Microsoft,Gurugram,1548681,2-4 Years,"PostgreSQL, MongoDB, C++, GCP, SQL, Excel"
Full Stack Developer,Deloitte,Delhi,1293823,6+ Years,"React, Pandas, JavaScript, Linux, Node.js, MongoDB, Java"
Backend Developer,Tech Mahindra,Mumbai,2691065,6+ Years,"React, Docker, Power BI, Git, MongoDB, Deep Learning, CSS, PyTorch"
Business Analyst,Apple,Chennai,3149187,4-6 Years,"CSS, PostgreSQL, NumPy, JavaScript"
Business Analyst,Meta,Pune,3241996,0-2 Years,"MongoDB, HTML, Excel, FastAPI, Scikit-learn, AWS"
Java Developer,Deloitte,Mumbai,2352938,4-6 Years,"GCP, C++, NumPy, Linux, Excel, REST API, AWS"
DevOps Engineer,IBM,Delhi,2462639,4-6 Years,"Docker, Deep Learning, Python, Excel, Tableau, C++, Linux"
Cloud Engineer,Infosys,Hyderabad,2222875,6+ Years,"Node.js, Azure, MongoDB, FastAPI, TensorFlow, CSS, Docker"
Backend Developer,Tech Mahindra,Ahmedabad,1489475,0-2 Years,"PostgreSQL, TensorFlow, Linux, Docker, Scikit-learn, Excel, Java, Tableau"
Cloud Engineer,Capgemini,Bengaluru,717646,Fresher,"GCP, Python, Azure, Node.js, Power BI"
QA Engineer,Intel,Chennai,853283,2-4 Years,"NumPy, Kubernetes, CSS, C++"
Cloud Engineer,Netflix,Bengaluru,1859625,4-6 Years,"Tableau, Power BI, Excel, HTML, Azure, NumPy"
DevOps Engineer,Apple,Bengaluru,682517,0-2 Years,"C++, JavaScript, Deep Learning, HTML, PyTorch, Scikit-learn, GCP"
Software Engineer,TCS,Hyderabad,338952,4-6 Years,"TensorFlow, C++, HTML, AWS, Tableau"
Python Developer,TCS,Delhi,729610,2-4 Years,"AWS, Excel, MongoDB, PostgreSQL, JavaScript"
Cloud Engineer,Meta,Hyderabad,2990965,6+ Years,"Python, Pandas, NumPy, React, GCP, Kubernetes, Tableau, Node.js"
DevOps Engineer,Meta,Noida,2934358,6+ Years,"PostgreSQL, Node.js, C++, SQL, JavaScript, Excel, MongoDB"
DevOps Engineer,Wipro,Delhi,2772852,4-6 Years,"Linux, JavaScript, HTML, CSS, NumPy, C++"
Machine Learning Engineer,EY,Ahmedabad,1340887,6+ Years,"Excel, Power BI, Python, Scikit-learn, Git, Node.js"
AI Engineer,HCLTech,Pune,2471597,4-6 Years,"NumPy, Java, Linux, PostgreSQL, HTML, TensorFlow"
Python Developer,Oracle,Gurugram,1918521,6+ Years,"PyTorch, REST API, Python, Kubernetes"
Java Developer,Wipro,Ahmedabad,1627382,4-6 Years,"Machine Learning, Scikit-learn, React, Excel, TensorFlow, MongoDB"
Software Engineer,Deloitte,Hyderabad,606149,Fresher,"Node.js, Java, REST API, Linux, AWS, PyTorch"
Cloud Engineer,HCLTech,Noida,1501616,4-6 Years,"C++, NumPy, Machine Learning, PostgreSQL, Pandas, JavaScript, CSS"
Frontend Developer,Amazon,Kolkata,650631,0-2 Years,"Machine Learning, Docker, AWS, Deep Learning, NumPy"
Cloud Engineer,Amazon,Mumbai,3025624,4-6 Years,"Java, HTML, C++, FastAPI, Azure"
Data Scientist,EY,Ahmedabad,786482,Fresher,"Scikit-learn, Tableau, FastAPI, REST API, React, SQL"
DevOps Engineer,Meta,Bengaluru,353120,0-2 Years,"Kubernetes, PyTorch, REST API, Linux, Tableau, CSS, React"
Java Developer,IBM,Hyderabad,1859733,Fresher,"Linux, Azure, CSS, PyTorch, C++, PostgreSQL"
AI Engineer,Amazon,Gurugram,3287700,4-6 Years,"Kubernetes, Java, TensorFlow, Deep Learning, React, FastAPI, Linux, CSS"
QA Engineer,Deloitte,Hyderabad,731614,0-2 Years,"Python, Java, PostgreSQL, FastAPI, HTML, REST API, TensorFlow, Kubernetes"
QA Engineer,Meta,Chennai,1906332,Fresher,"Linux, Power BI, Tableau, NumPy, Azure, HTML, Docker, Excel"
QA Engineer,TCS,Mumbai,2045906,Fresher,"Kubernetes, SQL, PyTorch, Scikit-learn, Java, React, HTML, PostgreSQL"
Data Analyst,Amazon,Gurugram,492638,2-4 Years,"Docker, C++, Machine Learning, GCP, Python, Kubernetes"
Frontend Developer,Deloitte,Mumbai,1141675,6+ Years,"GCP, Kubernetes, Deep Learning, TensorFlow, Excel"
DevOps Engineer,Tech Mahindra,Pune,1119661,0-2 Years,"FastAPI, Azure, Python, HTML"
Backend Developer,Google,Delhi,2571405,Fresher,"PostgreSQL, Tableau, REST API, Git, SQL, Node.js, PyTorch"
Data Analyst,Cognizant,Bengaluru,1298947,0-2 Years,"C++, Java, HTML, PyTorch, Azure, Power BI"
Data Scientist,Amazon,Ahmedabad,1862344,Fresher,"JavaScript, NumPy, MongoDB, AWS, C++, Deep Learning, Excel, Java"
Cloud Engineer,Meta,Pune,2124450,2-4 Years,"PostgreSQL, Docker, Linux, AWS, Power BI, Tableau"
Backend Developer,Capgemini,Mumbai,1668398,0-2 Years,"Node.js, JavaScript, Excel, Deep Learning"
Java Developer,Apple,Chennai,757065,4-6 Years,"Docker, Azure, SQL, Machine Learning, Kubernetes, Excel, Node.js"
Frontend Developer,Capgemini,Mumbai,2195477,Fresher,"React, Linux, Scikit-learn, Git"
DevOps Engineer,EY,Bengaluru,3255746,0-2 Years,"JavaScript, C++, Power BI, HTML, Kubernetes, AWS"
Software Engineer,Intel,Mumbai,2453605,0-2 Years,"AWS, PostgreSQL, GCP, Machine Learning"
Machine Learning Engineer,Oracle,Hyderabad,3437668,4-6 Years,"Linux, JavaScript, SQL, Python"
Business Analyst,Oracle,Chennai,558659,0-2 Years,"Kubernetes, Scikit-learn, NumPy, PostgreSQL, C++, Deep Learning, Excel"
QA Engineer,Amazon,Bengaluru,1385572,Fresher,"REST API, NumPy, GCP, Linux, JavaScript"
QA Engineer,TCS,Hyderabad,685786,Fresher,"Java, React, Deep Learning, Azure, Tableau, AWS, TensorFlow"
Data Analyst,Accenture,Chennai,423657,2-4 Years,"FastAPI, React, CSS, GCP, REST API"
Software Engineer,EY,Ahmedabad,923405,6+ Years,"NumPy, Git, TensorFlow, Azure, REST API"
Data Scientist,Microsoft,Hyderabad,2609755,2-4 Years,"JavaScript, Azure, Node.js, NumPy, Linux, PyTorch, HTML"
Cyber Security Analyst,Tech Mahindra,Bengaluru,2945575,4-6 Years,"TensorFlow, Machine Learning, Linux, FastAPI, Kubernetes, Deep Learning"
Backend Developer,Wipro,Mumbai,2407190,0-2 Years,"Docker, Pandas, HTML, Python"
Software Engineer,Cognizant,Kolkata,1478317,2-4 Years,"HTML, React, SQL, FastAPI, Scikit-learn, MongoDB, CSS, Machine Learning"
Software Engineer,Oracle,Ahmedabad,3391454,4-6 Years,"FastAPI, MongoDB, PostgreSQL, React, REST API, HTML"
Backend Developer,Infosys,Ahmedabad,2785206,Fresher,"Deep Learning, FastAPI, JavaScript, REST API, Node.js, TensorFlow"
Frontend Developer,Netflix,Gurugram,2573835,Fresher,"Java, HTML, Pandas, Python"
Data Scientist,Google,Delhi,2508085,6+ Years,"Linux, JavaScript, Docker, Power BI, React"
Software Engineer,Google,Chennai,1657229,6+ Years,"Excel, SQL, PostgreSQL, PyTorch, Kubernetes"
Backend Developer,Wipro,Ahmedabad,604219,Fresher,"Git, Docker, JavaScript, React, Tableau, Azure"
Data Scientist,TCS,Chennai,2981275,6+ Years,"Linux, Kubernetes, HTML, Scikit-learn, Deep Learning, React, AWS, Git"
DevOps Engineer,Intel,Chennai,3378598,0-2 Years,"Power BI, Deep Learning, AWS, PostgreSQL"
Software Engineer,Netflix,Ahmedabad,2680195,2-4 Years,"HTML, NumPy, Deep Learning, SQL, TensorFlow, JavaScript, Docker, C++"
Backend Developer,TCS,Chennai,1298227,Fresher,"GCP, Python, CSS, Node.js, HTML, Power BI"
Backend Developer,IBM,Hyderabad,584351,Fresher,"AWS, GCP, Tableau, Azure"
QA Engineer,Accenture,Gurugram,997673,4-6 Years,"Machine Learning, AWS, SQL, MongoDB, TensorFlow, Deep Learning"
Cyber Security Analyst,Oracle,Chennai,3030364,4-6 Years,"Linux, PostgreSQL, Java, Git"
Backend Developer,IBM,Hyderabad,384213,Fresher,"React, REST API, AWS, FastAPI, Tableau, C++"
QA Engineer,Amazon,Delhi,2594478,6+ Years,"REST API, TensorFlow, Power BI, Python, Azure, NumPy, React, Pandas"
Java Developer,Microsoft,Hyderabad,2121168,2-4 Years,"Node.js, Azure, Power BI, Machine Learning, Tableau"
Machine Learning Engineer,IBM,Mumbai,3361732,2-4 Years,"SQL, Java, AWS, Deep Learning, Machine Learning"
Java Developer,Microsoft,Delhi,2359186,Fresher,"C++, Git, MongoDB, Scikit-learn, NumPy, Pandas, TensorFlow"
Python Developer,Google,Pune,1137496,0-2 Years,"C++, TensorFlow, PostgreSQL, SQL, Git, AWS"
Data Scientist,IBM,Hyderabad,2275284,6+ Years,"React, Kubernetes, AWS, REST API, FastAPI, GCP, Java"
Data Scientist,Capgemini,Mumbai,1404343,0-2 Years,"Deep Learning, Java, JavaScript, Excel, Power BI, Scikit-learn"
Python Developer,Infosys,Kolkata,705600,4-6 Years,"HTML, Machine Learning, Java, MongoDB, AWS, PyTorch, Azure, REST API"
Business Analyst,Cognizant,Ahmedabad,3181771,0-2 Years,"Git, C++, AWS, Power BI, Java, PyTorch, Deep Learning"
Cyber Security Analyst,Deloitte,Ahmedabad,2467689,0-2 Years,"Excel, GCP, React, Node.js"
Java Developer,Microsoft,Noida,1108351,Fresher,"Node.js, MongoDB, NumPy, JavaScript, Pandas, CSS, Docker"
QA Engineer,Amazon,Hyderabad,3349691,4-6 Years,"AWS, Machine Learning, Docker, CSS, PyTorch, GCP, Python, Power BI"
AI Engineer,HCLTech,Noida,2913294,Fresher,"JavaScript, FastAPI, Deep Learning, PostgreSQL, MongoDB, Excel, SQL"
AI Engineer,Apple,Mumbai,743064,6+ Years,"REST API, Azure, CSS, AWS, NumPy, TensorFlow"
AI Engineer,Cognizant,Bengaluru,2699239,0-2 Years,"AWS, JavaScript, Pandas, PostgreSQL, Scikit-learn, Power BI"
Software Engineer,Wipro,Delhi,1984935,0-2 Years,"Tableau, TensorFlow, FastAPI, CSS"
Software Engineer,TCS,Mumbai,1862129,2-4 Years,"MongoDB, TensorFlow, PostgreSQL, Power BI, Scikit-learn, SQL"
Java Developer,Intel,Gurugram,1256122,2-4 Years,"Tableau, Azure, Pandas, NumPy, C++, Node.js"
Full Stack Developer,Accenture,Gurugram,2152693,6+ Years,"MongoDB, Java, PyTorch, Linux, React, C++"
DevOps Engineer,HCLTech,Noida,1604944,0-2 Years,"REST API, Deep Learning, Python, React, Node.js, Linux, Java, HTML"
Data Scientist,Microsoft,Delhi,438710,0-2 Years,"Kubernetes, MongoDB, GCP, PyTorch, AWS, NumPy"
Cloud Engineer,Google,Pune,819560,2-4 Years,"Pandas, GCP, React, TensorFlow, Deep Learning, Machine Learning, Kubernetes"
Java Developer,IBM,Hyderabad,1743884,2-4 Years,"AWS, Java, React, PostgreSQL"
Cyber Security Analyst,Adobe,Pune,2700224,0-2 Years,"CSS, NumPy, Azure, PyTorch, Python"
Software Engineer,Cognizant,Chennai,3161353,0-2 Years,"Linux, Python, HTML, CSS, Pandas, Git, Power BI, Tableau"
Frontend Developer,Accenture,Noida,2995848,2-4 Years,"CSS, Node.js, GCP, Git, Scikit-learn, PyTorch, Pandas"
AI Engineer,Apple,Bengaluru,1965778,6+ Years,"Machine Learning, NumPy, Pandas, PostgreSQL, Git, Linux"
Python Developer,Cognizant,Hyderabad,3170636,2-4 Years,"NumPy, Docker, PostgreSQL, CSS, MongoDB, FastAPI"
QA Engineer,Intel,Pune,3282543,0-2 Years,"Excel, HTML, Java, Linux, MongoDB, Pandas, AWS, Scikit-learn"
Cloud Engineer,Meta,Bengaluru,1640439,4-6 Years,"CSS, Azure, AWS, PostgreSQL, Tableau, Java"
DevOps Engineer,Deloitte,Pune,2745378,2-4 Years,"Scikit-learn, Machine Learning, NumPy, Linux, TensorFlow"
Backend Developer,HCLTech,Mumbai,3118020,0-2 Years,"React, Git, SQL, TensorFlow, JavaScript, Tableau, CSS, Machine Learning"
QA Engineer,Netflix,Delhi,3499910,Fresher,"Kubernetes, HTML, Tableau, PostgreSQL, Git"
Cyber Security Analyst,TCS,Delhi,2063589,2-4 Years,"Git, GCP, PostgreSQL, SQL, TensorFlow, Java, NumPy, Deep Learning"
AI Engineer,Amazon,Gurugram,2734009,0-2 Years,"SQL, PostgreSQL, Scikit-learn, AWS, PyTorch, Git, Azure, Java"
Java Developer,Adobe,Delhi,932410,4-6 Years,"REST API, GCP, JavaScript, Docker, Power BI, React, C++, TensorFlow"
Cloud Engineer,Netflix,Delhi,1695149,Fresher,"GCP, CSS, Node.js, Excel"
AI Engineer,Netflix,Gurugram,1007183,Fresher,"Pandas, Azure, NumPy, AWS, TensorFlow"
Software Engineer,Microsoft,Kolkata,1907745,0-2 Years,"Python, REST API, Docker, Excel, PyTorch, Node.js"
Cloud Engineer,Google,Pune,375145,0-2 Years,"Git, JavaScript, SQL, AWS, PyTorch, Deep Learning"
Java Developer,Amazon,Bengaluru,1583939,2-4 Years,"GCP, Tableau, PyTorch, Pandas, PostgreSQL, Docker"
QA Engineer,Meta,Delhi,2118923,4-6 Years,"Excel, Node.js, React, Linux, AWS, Python"
Full Stack Developer,Meta,Pune,1258055,Fresher,"PyTorch, React, SQL, Kubernetes, Power BI, NumPy, Java, AWS"
Frontend Developer,Tech Mahindra,Ahmedabad,2985701,Fresher,"Java, Scikit-learn, SQL, NumPy, Python, FastAPI, Power BI, PostgreSQL"
Data Scientist,Wipro,Hyderabad,2048083,6+ Years,"TensorFlow, Power BI, JavaScript, Node.js, REST API, Scikit-learn"
Software Engineer,Intel,Noida,2943717,Fresher,"CSS, Pandas, REST API, Power BI, JavaScript, Azure, SQL, PyTorch"
AI Engineer,Apple,Mumbai,3314724,Fresher,"TensorFlow, Node.js, Pandas, Excel"
Business Analyst,HCLTech,Pune,1403076,2-4 Years,"Git, React, Java, Machine Learning, TensorFlow, Node.js, Power BI"
Backend Developer,Oracle,Bengaluru,2316050,Fresher,"FastAPI, SQL, MongoDB, Deep Learning"
Data Scientist,Meta,Hyderabad,3106081,6+ Years,"Tableau, SQL, REST API, CSS"
Full Stack Developer,Capgemini,Mumbai,3002544,2-4 Years,"Java, SQL, MongoDB, React, FastAPI, Git, Kubernetes"
Backend Developer,Accenture,Hyderabad,3138564,Fresher,"Python, PostgreSQL, JavaScript, Scikit-learn"
Java Developer,TCS,Delhi,3014547,4-6 Years,"CSS, REST API, Tableau, C++, Kubernetes, Docker, React, SQL"
Data Analyst,Capgemini,Mumbai,1980982,4-6 Years,"Linux, Azure, NumPy, FastAPI, React, SQL, JavaScript"
DevOps Engineer,Microsoft,Chennai,3219948,Fresher,"FastAPI, Deep Learning, TensorFlow, Linux, REST API, Scikit-learn, GCP"
AI Engineer,Wipro,Delhi,1060261,6+ Years,"PostgreSQL, Scikit-learn, REST API, MongoDB"
QA Engineer,Meta,Gurugram,3350427,4-6 Years,"REST API, Azure, GCP, Java"
Frontend Developer,TCS,Bengaluru,565650,6+ Years,"Tableau, Deep Learning, HTML, Scikit-learn, Docker, PyTorch, Excel, Power BI"
AI Engineer,Apple,Noida,3238446,0-2 Years,"Kubernetes, Scikit-learn, REST API, NumPy, AWS, JavaScript, Machine Learning"
Software Engineer,Google,Chennai,2870747,6+ Years,"PostgreSQL, TensorFlow, FastAPI, React, C++, Excel, REST API"
Full Stack Developer,TCS,Mumbai,1644835,Fresher,"HTML, Machine Learning, NumPy, AWS, MongoDB, FastAPI, C++, GCP"
Cyber Security Analyst,Deloitte,Gurugram,2163063,Fresher,"GCP, Docker, SQL, TensorFlow, Tableau, NumPy, Python"
Data Analyst,Accenture,Bengaluru,730517,6+ Years,"Python, MongoDB, C++, Linux, Pandas, REST API, NumPy, Git"
Machine Learning Engineer,Adobe,Gurugram,2432123,2-4 Years,"MongoDB, Java, FastAPI, HTML, GCP, Docker"
Cyber Security Analyst,EY,Ahmedabad,2649442,4-6 Years,"Power BI, GCP, SQL, PostgreSQL, Excel, Scikit-learn"
Software Engineer,TCS,Delhi,1230074,2-4 Years,"PyTorch, Kubernetes, Power BI, SQL, Java, React, TensorFlow, JavaScript"
DevOps Engineer,Accenture,Hyderabad,3306712,2-4 Years,"Node.js, FastAPI, SQL, AWS, REST API, GCP, Linux, Power BI"
Python Developer,Accenture,Bengaluru,1717396,6+ Years,"Excel, REST API, GCP, Scikit-learn"
Machine Learning Engineer,Meta,Gurugram,2771771,Fresher,"Tableau, Java, Machine Learning, Azure, Deep Learning, TensorFlow, PyTorch, React"
AI Engineer,Netflix,Chennai,3201693,Fresher,"Scikit-learn, Pandas, REST API, Docker, PyTorch, AWS, Azure"
QA Engineer,Oracle,Mumbai,2854304,4-6 Years,"Git, GCP, Linux, JavaScript, MongoDB, Azure"
DevOps Engineer,HCLTech,Mumbai,2827170,6+ Years,"Power BI, Tableau, Machine Learning, NumPy, Node.js, Linux"
AI Engineer,Intel,Delhi,1179598,0-2 Years,"PyTorch, Machine Learning, Power BI, NumPy, Docker"
Python Developer,Infosys,Kolkata,3279435,4-6 Years,"Deep Learning, Scikit-learn, Power BI, Azure, REST API, Tableau, Machine Learning, Git"
Cyber Security Analyst,Google,Kolkata,2071616,Fresher,"AWS, JavaScript, Java, Scikit-learn"
Full Stack Developer,IBM,Chennai,537417,2-4 Years,"JavaScript, MongoDB, Java, Power BI, Linux, Git"
Cyber Security Analyst,Tech Mahindra,Bengaluru,1155641,2-4 Years,"SQL, Pandas, PostgreSQL, Scikit-learn, Tableau, Machine Learning, HTML"
Cloud Engineer,Tech Mahindra,Noida,3413904,0-2 Years,"Linux, FastAPI, REST API, Power BI, Git, MongoDB, Scikit-learn, Java"
Data Analyst,Accenture,Delhi,1900473,6+ Years,"Python, Tableau, CSS, Node.js"
Business Analyst,Capgemini,Pune,2902824,2-4 Years,"Machine Learning, Tableau, Pandas, Node.js, Excel, REST API, MongoDB, Git"
Java Developer,Amazon,Chennai,2182466,0-2 Years,"SQL, AWS, Java, Azure, CSS, Machine Learning, Linux, JavaScript"
AI Engineer,IBM,Bengaluru,974984,2-4 Years,"Power BI, JavaScript, Java, REST API, Docker, Pandas, PostgreSQL"
AI Engineer,Intel,Gurugram,2922977,6+ Years,"Kubernetes, C++, Linux, Power BI, Docker, PyTorch, HTML, React"
Python Developer,HCLTech,Chennai,2483581,4-6 Years,"Machine Learning, AWS, C++, Kubernetes, HTML, Node.js, Scikit-learn, Docker"
Backend Developer,Intel,Pune,1688593,6+ Years,"TensorFlow, Machine Learning, MongoDB, Excel, NumPy, Python, SQL, Scikit-learn"
Data Scientist,Oracle,Ahmedabad,1751259,6+ Years,"Java, Scikit-learn, REST API, Docker, AWS"
Data Analyst,IBM,Kolkata,775525,2-4 Years,"FastAPI, PyTorch, MongoDB, Excel"
Machine Learning Engineer,HCLTech,Gurugram,1872688,4-6 Years,"Git, REST API, NumPy, Node.js"
Machine Learning Engineer,Amazon,Hyderabad,1643489,0-2 Years,"Machine Learning, Python, NumPy, C++, Node.js, Scikit-learn, PostgreSQL, Linux"
Data Analyst,Apple,Pune,3174797,6+ Years,"NumPy, MongoDB, C++, Tableau, Scikit-learn, JavaScript, Python"
DevOps Engineer,TCS,Bengaluru,2226130,Fresher,"Java, React, Linux, CSS"
Python Developer,Deloitte,Pune,2640774,2-4 Years,"AWS, GCP, NumPy, FastAPI, Azure, Docker, Python"
Cloud Engineer,Apple,Kolkata,1933689,Fresher,"C++, Excel, Tableau, Deep Learning, Java, Power BI, FastAPI, Kubernetes"
Python Developer,Intel,Mumbai,2409051,6+ Years,"Git, Excel, FastAPI, GCP"
Data Analyst,Google,Gurugram,1899764,0-2 Years,"HTML, JavaScript, Tableau, AWS, Linux, Machine Learning, Git, NumPy"
Frontend Developer,Infosys,Bengaluru,904296,6+ Years,"JavaScript, SQL, Java, Python, Deep Learning, Pandas, AWS, Machine Learning"
Python Developer,Intel,Pune,2596488,2-4 Years,"Azure, REST API, NumPy, PostgreSQL, PyTorch"
Java Developer,Netflix,Pune,897500,6+ Years,"Node.js, SQL, React, Scikit-learn, Linux, Deep Learning"
Business Analyst,Tech Mahindra,Gurugram,528121,6+ Years,"Git, Scikit-learn, C++, CSS"
Full Stack Developer,Deloitte,Gurugram,711890,2-4 Years,"JavaScript, Scikit-learn, NumPy, HTML, SQL, Git"
Python Developer,Adobe,Delhi,2898437,4-6 Years,"Docker, Pandas, Scikit-learn, Git, Power BI, Deep Learning, JavaScript"
AI Engineer,Infosys,Delhi,2672097,4-6 Years,"Python, Docker, HTML, Linux, Power BI"
Cloud Engineer,Accenture,Mumbai,3403014,2-4 Years,"Scikit-learn, Tableau, Docker, REST API, TensorFlow"
Data Scientist,Infosys,Mumbai,2241326,4-6 Years,"SQL, React, NumPy, Pandas, C++, CSS, JavaScript, Machine Learning"
Frontend Developer,Amazon,Hyderabad,1123895,Fresher,"NumPy, Python, MongoDB, Deep Learning, PostgreSQL, AWS, Linux, Node.js"
Machine Learning Engineer,IBM,Kolkata,453747,6+ Years,"NumPy, Excel, JavaScript, Kubernetes, AWS, HTML, Deep Learning"
Business Analyst,Intel,Chennai,3375376,4-6 Years,"PyTorch, C++, AWS, Kubernetes, FastAPI, Python, Scikit-learn, HTML"
Cloud Engineer,Netflix,Kolkata,2875453,0-2 Years,"React, FastAPI, Deep Learning, PostgreSQL, Scikit-learn, JavaScript, Tableau"
Data Scientist,Infosys,Bengaluru,3370249,0-2 Years,"HTML, C++, CSS, Kubernetes, FastAPI, Java, Scikit-learn"
Machine Learning Engineer,Infosys,Noida,1167273,4-6 Years,"REST API, Java, FastAPI, NumPy, Docker, SQL, Power BI"
Cloud Engineer,IBM,Mumbai,2486796,6+ Years,"Deep Learning, React, AWS, NumPy, PostgreSQL, Kubernetes, FastAPI, MongoDB"
Machine Learning Engineer,IBM,Noida,626474,0-2 Years,"AWS, Kubernetes, MongoDB, REST API, TensorFlow, Linux, Pandas, Python"
QA Engineer,Meta,Gurugram,2404856,0-2 Years,"C++, PyTorch, NumPy, CSS, Node.js"
Java Developer,Netflix,Delhi,930153,6+ Years,"Scikit-learn, HTML, Azure, Linux"
DevOps Engineer,Apple,Gurugram,1685063,4-6 Years,"Node.js, Deep Learning, React, NumPy, Azure, Python, HTML"
Java Developer,Deloitte,Ahmedabad,480960,0-2 Years,"NumPy, PyTorch, Java, REST API, Deep Learning"
Software Engineer,Netflix,Mumbai,915996,0-2 Years,"AWS, Pandas, Deep Learning, NumPy, Python, Tableau, Excel, Scikit-learn"
Python Developer,Adobe,Gurugram,1488894,6+ Years,"PostgreSQL, TensorFlow, React, HTML, Azure, Pandas, JavaScript"
Business Analyst,Netflix,Ahmedabad,2743795,6+ Years,"React, Tableau, Scikit-learn, Docker, GCP, Pandas"
Python Developer,Oracle,Noida,2777139,4-6 Years,"SQL, Python, Node.js, PyTorch, PostgreSQL"
Cloud Engineer,Accenture,Chennai,2415437,6+ Years,"React, TensorFlow, REST API, Pandas"
